{"sum": 647886.0, "avr": 560.4550173010381, "sumMD": 20137.0, "avrMD": 592.2647058823529, "sumSD": 19867.0, "avrSD": 584.3235294117648, "max": 998.0, "min": 101.0}